Energy in eV,Intensity
444.99225729600954,0.2862538427755821
445.0737873072596,0.2862538427755821
445.1553173185097,0.2862538427755821
445.23684732975977,0.2862538427755821
445.31837734100986,0.2862538427755821
445.3999073522599,0.2862538427755821
445.48143736351,0.2862538427755821
445.5629673747601,0.2862538427755821
445.6444973860102,0.2862538427755821
445.7260273972603,0.2862538427755821
445.8075574085103,0.2862538427755821
445.8890874197604,0.2862538427755821
445.9706174310105,0.2862538427755821
446.0521474422606,0.2862538427755821
446.1336774535107,0.2862538427755821
446.21520746476074,0.2862538427755821
446.29673747601083,0.2862538427755821
446.3782674872609,0.2862538427755821
446.459797498511,0.2862538427755821
446.5413275097611,0.2862538427755821
446.62285752101116,0.2862538427755821
446.70438753226125,0.2862538427755821
446.78591754351135,0.2862538427755821
446.86744755476144,0.2862538427755821
446.9489775660115,0.2862538427755821
447.0305075772616,0.2862538427755821
447.11203758851167,0.288508271116967
447.19356759976176,0.288508271116967
447.27509761101186,0.288508271116967
447.3566276222619,0.288508271116967
447.438157633512,0.288508271116967
447.5196876447621,0.288508271116967
447.6012176560122,0.288508271116967
447.6827476672622,0.288508271116967
447.7642776785123,0.288508271116967
447.8458076897624,0.288508271116967
447.9273377010125,0.288508271116967
448.0088677122626,0.288508271116967
448.09039772351264,0.29076269945835187
448.17192773476273,0.29076269945835187
448.2534577460128,0.29076269945835187
448.3349877572629,0.29076269945835187
448.416517768513,0.29076269945835187
448.49804777976306,0.29076269945835187
448.57957779101315,0.29076269945835187
448.66110780226325,0.29076269945835187
448.74263781351334,0.29076269945835187
448.82416782476344,0.29076269945835187
448.9056978360135,0.29076269945835187
448.98722784726357,0.29076269945835187
449.06875785851366,0.29076269945835187
449.15028786976376,0.29076269945835187
449.2318178810138,0.29076269945835187
449.3133478922639,0.29076269945835187
449.394877903514,0.29076269945835187
449.4764079147641,0.29076269945835187
449.5579379260142,0.29076269945835187
449.6394679372642,0.29076269945835187
449.7209979485143,0.29076269945835187
449.8025279597644,0.29076269945835187
449.8840579710145,0.29076269945835187
449.96558798226454,0.29076269945835187
450.04711799351463,0.29076269945835187
450.1286480047647,0.29076269945835187
450.2101780160148,0.29301712779973677
450.2917080272649,0.29301712779973677
450.37323803851496,0.29301712779973677
450.45476804976505,0.29301712779973677
450.53629806101515,0.29301712779973677
450.61782807226524,0.29301712779973677
450.69935808351534,0.29301712779973677
450.7808880947654,0.29527155614112155
450.86241810601547,0.29527155614112155
450.94394811726556,0.29527155614112155
451.02547812851566,0.29527155614112155
451.10700813976575,0.29527155614112155
451.1885381510158,0.29527155614112155
451.2700681622659,0.29527155614112155
451.351598173516,0.29527155614112155
451.4331281847661,0.29527155614112155
451.5146581960161,0.29527155614112155
451.5961882072662,0.29527155614112155
451.6777182185163,0.29527155614112155
451.7592482297664,0.29527155614112155
451.8407782410165,0.29527155614112155
451.92230825226653,0.29527155614112155
452.0038382635166,0.29527155614112155
452.0853682747667,0.29527155614112155
452.1668982860168,0.29527155614112155
452.24842829726686,0.29527155614112155
452.32995830851695,0.29527155614112155
452.41148831976705,0.29752598448250644
452.49301833101714,0.29752598448250644
452.57454834226724,0.29752598448250644
452.6560783535173,0.29752598448250644
452.73760836476737,0.29752598448250644
452.81913837601746,0.29978041282389134
452.90066838726756,0.29978041282389134
452.98219839851765,0.29978041282389134
453.0637284097677,0.29978041282389134
453.1452584210178,0.29978041282389134
453.2267884322679,0.29978041282389134
453.308318443518,0.3020348411652761
453.38984845476807,0.3020348411652761
453.4713784660181,0.3020348411652761
453.5529084772682,0.304289269506661
453.6344384885183,0.304289269506661
453.7159684997684,0.304289269506661
453.79749851101843,0.304289269506661
453.8790285222685,0.304289269506661
453.9605585335186,0.304289269506661
454.0420885447687,0.304289269506661
454.1236185560188,0.304289269506661
454.20514856726885,0.304289269506661
454.28667857851894,0.304289269506661
454.36820858976904,0.3065436978480459
454.44973860101913,0.3065436978480459
454.5312686122692,0.3065436978480459
454.61279862351927,0.3087981261894307
454.69432863476936,0.3087981261894307
454.77585864601946,0.3087981261894307
454.85738865726955,0.3087981261894307
454.9389186685196,0.3087981261894307
455.0204486797697,0.3087981261894307
455.1019786910198,0.3110525545308156
455.1835087022699,0.3133069828722005
455.26503871351997,0.3133069828722005
455.34656872477,0.3133069828722005
455.4280987360201,0.3133069828722005
455.5096287472702,0.3155614112135854
455.5911587585203,0.31781583955497017
455.6726887697704,0.31781583955497017
455.7542187810204,0.31781583955497017
455.8357487922705,0.31781583955497017
455.9172788035206,0.32007026789635507
455.9988088147707,0.32232469623773996
456.08033882602075,0.32232469623773996
456.16186883727084,0.32232469623773996
456.24339884852094,0.32457912457912474
456.32492885977103,0.32683355292050964
456.40645887102113,0.32683355292050964
456.48798888227117,0.32908798126189454
456.56951889352126,0.33134240960327943
456.65104890477136,0.3335968379446642
456.73257891602145,0.3335968379446642
456.8141089272715,0.3358512662860491
456.8956389385216,0.338105694627434
456.9771689497717,0.3403601229688188
457.0586989610218,0.3426145513102037
457.14022897227187,0.3448689796515886
457.2217589835219,0.3471234079929735
457.303288994772,0.35163226467574316
457.3848190060221,0.35163226467574316
457.4663490172722,0.35614112135851284
457.5478790285223,0.3606499780412826
457.6294090397723,0.3629044063826675
457.7109390510224,0.3674132630654372
457.7924690622725,0.3719221197482069
457.8739990735226,0.37643097643097667
457.9555290847727,0.38093983311374635
458.03705909602274,0.3877031181379009
458.11858910727284,0.3922119748206707
458.20011911852293,0.3989752598448253
458.28164912977303,0.40573854486897987
458.36317914102307,0.41250182989313444
458.44470915227316,0.4215195432586739
458.52623916352326,0.4282828282828285
458.60776917477335,0.43730054164836796
458.68929918602345,0.44631825501390743
458.7708291972735,0.4598448250622166
458.8523592085236,0.46886253842775605
458.9338892197737,0.4801346801346804
459.01541923102377,0.49140682184160467
459.0969492422738,0.5049333918899138
459.1784792535239,0.5162055335968382
459.260009264774,0.5297321036451473
459.3415392760241,0.5455131020348415
459.4230692872742,0.5612941004245354
459.5045992985242,0.5770750988142296
459.5861293097743,0.5928560972039235
459.6676593210244,0.6131459522763872
459.7491893322745,0.6289269506660814
459.8307193435246,0.6447079490557753
459.91224935477464,0.6649978041282393
459.99377936602474,0.6807788025179332
460.07530937727483,0.6965598009076274
460.15683938852493,0.7145952276387061
460.238369399775,0.7303762260284002
460.31989941102506,0.7439027960767094
460.40142942227516,0.7619382228077883
460.48295943352525,0.7732103645147127
460.56448944477535,0.7867369345630219
460.6460194560254,0.7957546479285612
460.7275494672755,0.8092812179768704
460.8090794785256,0.8160445030010249
460.89060948977567,0.8205533596837947
460.97213950102577,0.8273166447079493
461.0536695122758,0.8295710730493343
461.1351995235259,0.8318255013907191
461.216729534776,0.8318255013907191
461.2982595460261,0.8295710730493343
461.3797895572761,0.8273166447079493
461.4613195685262,0.8205533596837947
461.5428495797763,0.8160445030010249
461.6243795910264,0.8092812179768704
461.7059096022765,0.8025179329527158
461.78743961352654,0.7935002195871764
461.86896962477664,0.7844825062216368
461.95049963602673,0.7754647928560975
462.03202964727683,0.7619382228077883
462.1135596585269,0.7529205094422488
462.19508966977696,0.7439027960767094
462.27661968102706,0.732630654369785
462.35814969227715,0.7236129410042457
462.43967970352725,0.7123407992973213
462.52120971477734,0.7055775142731667
462.6027397260274,0.6988142292490122
462.6842697372775,0.6897965158834726
462.76579974852757,0.6875420875420878
462.84732975977767,0.683033230859318
462.9288597710277,0.6807788025179332
463.0103897822778,0.6785243741765484
463.0919197935279,0.6785243741765484
463.173449804778,0.6807788025179332
463.2549798160281,0.6875420875420878
463.3365098272781,0.6943053725662424
463.4180398385282,0.7010686575903969
463.4995698497783,0.7100863709559365
463.5810998610284,0.7194798223783733
463.66262987227844,0.732630654369785
463.74415988352854,0.7439027960767094
463.82568989477863,0.7619382228077883
463.90721990602873,0.7822280778802521
463.9887499172788,0.800263504611331
464.07027992852886,0.8160445030010249
464.15180993977896,0.8430976430976435
464.23333995102905,0.865641926511492
464.31486996227915,0.8904406382667255
464.39639997352924,0.915239350021959
464.4779299847793,0.9422924901185773
464.5594599960294,0.9670912018738108
464.64099000727947,0.9971201873810572
464.72252001852956,1.0234519104084328
464.80405002977966,1.0482506221636663
464.8855800410297,1.0798126189430541
464.9671100522798,1.1046113306982877
465.0486400635299,1.1294100424535212
465.13017007478,1.1564631825501395
465.21170008603,1.1744986092812186
465.2932300972801,1.1947884643536821
465.3747601085302,1.2173327477675309
465.4562901197803,1.23085931781584
465.5378201310304,1.2421314595227644
465.61935014228044,1.2556580295710735
465.70088015353053,1.2624213145952279
465.78241016478063,1.2691845996193827
465.8639401760307,1.2714390279607675
465.94547018728076,1.2714390279607675
466.02700019853086,1.2624213145952279
466.10853020978095,1.2579124579124583
466.19006022103105,1.246640316205534
466.27159023228114,1.2353681744986096
466.3531202435312,1.2168022940401462
466.4346502547813,1.1992973210364521
466.51618026603137,1.1790074659639882
466.59771027728146,1.1587176108915243
466.67924028853156,1.1249011857707516
466.7607702997816,1.1068657590396724
466.8423003110317,1.0730493339188998
466.9238303222818,1.0437417654808963
467.0053603335319,1.016688625384278
467.086890344782,0.9918899136290443
467.168420356032,0.9558190601668867
467.2499503672821,0.9265114917288834
467.3314803785322,0.8972039232908801
467.4130103897823,0.8651754930615504
467.49454040103234,0.8250622163665645
467.57607041228243,0.800263504611331
467.65760042353253,0.7822280778802521
467.7391304347826,0.7439027960767094
467.8206604460327,0.7168496559800911
467.90219045728276,0.6943053725662424
467.98372046853285,0.6695066608110088
468.06525047978295,0.6424535207143905
468.14678049103304,0.6244180939833116
468.2283105022831,0.6041282389108479
468.3098405135332,0.5838383838383842
468.39137052478327,0.56805738544869
468.47290053603336,0.5522763870589961
468.55443054728346,0.5342409603279171
468.6359605585335,0.520714390279608
468.7174905697836,0.5049333918899138
468.7990205810337,0.49366125018298956
468.8805505922838,0.4846435368174501
468.9620806035339,0.46886253842775605
469.0436106147839,0.4620992534036015
469.125140626034,0.453081540038062
469.2066706372841,0.44180939833113775
469.2882006485342,0.43504611330698306
469.3697306597843,0.4282828282828285
469.45126067103433,0.4215195432586739
469.5327906822844,0.41475625823451934
469.6143206935345,0.41024740155174966
469.6958507047846,0.40573854486897987
469.77738071603466,0.3989752598448253
469.85891072728475,0.3944664031620556
469.94044073853485,0.3899575464792858
470.02197074978494,0.3877031181379009
470.10350076103504,0.38319426145513125
470.1850307722851,0.37868540477236157
470.26656078353517,0.37868540477236157
470.34809079478526,0.3741765480895918
470.42962080603536,0.3696676914068221
470.5111508172854,0.3674132630654372
470.5926808285355,0.3651588347240523
470.6742108397856,0.3629044063826675
470.7557408510357,0.3606499780412826
470.8372708622858,0.35839554969989773
470.9188008735358,0.35388669301712805
471.0003308847859,0.35388669301712805
471.081860896036,0.35163226467574316
471.1633909072861,0.34937783633435826
471.2449209185362,0.3471234079929735
471.32645092978623,0.3448689796515886
471.4079809410363,0.3448689796515886
471.4895109522864,0.3403601229688188
471.5710409635365,0.3403601229688188
471.6525709747866,0.3403601229688188
471.73410098603665,0.338105694627434
471.81563099728675,0.3358512662860491
471.89716100853684,0.3335968379446642
471.97869101978694,0.3335968379446642
472.060221031037,0.33134240960327943
472.14175104228707,0.33134240960327943
472.22328105353716,0.33134240960327943
472.30481106478726,0.32683355292050964
472.38634107603735,0.32683355292050964
472.4678710872874,0.32683355292050964
472.5494010985375,0.32683355292050964
472.6309311097876,0.32232469623773996
472.7124611210377,0.32232469623773996
472.7939911322877,0.32232469623773996
472.8755211435378,0.32232469623773996
472.9570511547879,0.32232469623773996
473.038581166038,0.32007026789635507
473.1201111772881,0.32007026789635507
473.20164118853813,0.31781583955497017
473.2831711997882,0.31781583955497017
473.3647012110383,0.31781583955497017
473.4462312222884,0.31781583955497017
473.5277612335385,0.31781583955497017
473.60929124478855,0.3155614112135854
473.69082125603865,0.3155614112135854
473.77235126728874,0.3155614112135854
473.85388127853884,0.3133069828722005
473.93541128978893,0.3133069828722005
474.01694130103897,0.3133069828722005
474.09847131228906,0.3133069828722005
474.18000132353916,0.3133069828722005
474.26153133478925,0.3133069828722005
474.3430613460393,0.3110525545308156
474.4245913572894,0.3110525545308156
474.5061213685395,0.3110525545308156
474.5876513797896,0.3110525545308156
474.6691813910397,0.3087981261894307
474.7507114022897,0.3087981261894307
474.8322414135398,0.3087981261894307
474.9137714247899,0.3087981261894307
474.99530143604,0.3087981261894307
475.07683144729003,0.3087981261894307
475.1583614585401,0.3087981261894307
475.2398914697902,0.3087981261894307
475.3214214810403,0.3087981261894307
475.4029514922904,0.3087981261894307
475.48448150354045,0.3087981261894307
475.56601151479055,0.3087981261894307
475.64754152604064,0.3065436978480459
475.72907153729074,0.3065436978480459
475.81060154854083,0.3065436978480459
475.89213155979087,0.3065436978480459
475.97366157104096,0.3065436978480459
476.05519158229106,0.3065436978480459
476.13672159354115,0.3065436978480459
476.21825160479125,0.3065436978480459
476.2997816160413,0.3065436978480459
476.3813116272914,0.3065436978480459
476.4628416385415,0.304289269506661
476.5443716497916,0.304289269506661
476.6259016610416,0.304289269506661
476.7074316722917,0.304289269506661
476.7889616835418,0.304289269506661
476.8704916947919,0.304289269506661
476.95202170604193,0.304289269506661
477.033551717292,0.304289269506661
477.1150817285421,0.304289269506661
477.1966117397922,0.304289269506661
477.2781417510423,0.304289269506661
477.35967176229235,0.304289269506661
477.44120177354245,0.304289269506661
477.52273178479254,0.304289269506661
477.60426179604264,0.304289269506661
477.68579180729273,0.304289269506661
477.76732181854277,0.304289269506661
477.84885182979286,0.3065436978480459
477.93038184104296,0.3065436978480459
478.01191185229305,0.3065436978480459
478.09344186354315,0.3065436978480459
478.1749718747932,0.3065436978480459
478.2565018860433,0.3065436978480459
478.3380318972934,0.3065436978480459
478.41956190854347,0.3065436978480459
478.50109191979357,0.3065436978480459
478.5826219310436,0.3065436978480459
478.6641519422937,0.3065436978480459
478.7456819535438,0.3087981261894307
478.8272119647939,0.3087981261894307
478.9087419760439,0.3087981261894307
478.990271987294,0.3087981261894307
479.0718019985441,0.3087981261894307
479.1533320097942,0.3087981261894307
479.23486202104425,0.3087981261894307
479.31639203229435,0.3087981261894307
479.39792204354444,0.3087981261894307
479.47945205479454,0.3087981261894307
479.56098206604463,0.3087981261894307
479.64251207729467,0.3087981261894307
479.72404208854476,0.3087981261894307
479.80557209979486,0.3087981261894307
479.88710211104495,0.3087981261894307
479.96863212229505,0.3110525545308156
480.0501621335451,0.3110525545308156
480.1316921447952,0.3110525545308156
480.2132221560453,0.3110525545308156
480.29475216729537,0.3110525545308156
480.37628217854547,0.3133069828722005
480.4578121897955,0.3133069828722005
480.5393422010456,0.3133069828722005
480.6208722122957,0.3133069828722005
480.7024022235458,0.3133069828722005
480.7839322347959,0.3133069828722005
480.8654622460459,0.31781583955497017
480.946992257296,0.31781583955497017
481.0285222685461,0.31781583955497017
481.1100522797962,0.31781583955497017
481.1915822910463,0.31781583955497017
481.27311230229634,0.32232469623773996
481.35464231354644,0.32232469623773996
481.43617232479653,0.32232469623773996
481.5177023360466,0.32457912457912474
481.59923234729666,0.32683355292050964
481.68076235854676,0.32908798126189454
481.76229236979685,0.33134240960327943
481.84382238104695,0.3335968379446642
481.925352392297,0.3335968379446642
482.0068824035471,0.338105694627434
482.0884124147972,0.3403601229688188
482.16994242604727,0.3426145513102037
482.25147243729737,0.3471234079929735
482.3330024485474,0.34937783633435826
482.4145324597975,0.35163226467574316
482.4960624710476,0.35614112135851284
482.5775924822977,0.3606499780412826
482.6591224935478,0.3629044063826675
482.7406525047978,0.3651588347240523
482.8221825160479,0.3696676914068221
482.903712527298,0.3719221197482069
482.9852425385481,0.3741765480895918
483.0667725497982,0.37868540477236157
483.14830256104824,0.38319426145513125
483.22983257229833,0.38544868979651614
483.31136258354843,0.3877031181379009
483.3928925947985,0.3922119748206707
483.47442260604856,0.3944664031620556
483.55595261729866,0.3967208315034404
483.63748262854875,0.4012296881862102
483.71901263979885,0.4012296881862102
483.80054265104894,0.40348411652759497
483.882072662299,0.40348411652759497
483.9636026735491,0.40799297321036476
484.04513268479917,0.40799297321036476
484.12666269604927,0.40799297321036476
484.2081927072993,0.41024740155174966
484.2897227185494,0.41024740155174966
484.3712527297995,0.41024740155174966
484.4527827410496,0.41024740155174966
484.5343127522997,0.41024740155174966
484.6158427635497,0.41024740155174966
484.6973727747998,0.41250182989313444
484.7789027860499,0.41250182989313444
484.8604327973,0.41250182989313444
484.9419628085501,0.41250182989313444
485.02349281980014,0.41250182989313444
485.10502283105023,0.41250182989313444
485.18655284230033,0.41250182989313444
485.2680828535504,0.41475625823451934
485.3496128648005,0.41701068657590423
485.43114287605056,0.419265114917289
485.51267288730065,0.4237739716000588
485.59420289855075,0.4260283999414437
485.67573290980084,0.4305372566242134
485.7572629210509,0.43504611330698306
485.838792932301,0.44180939833113775
485.92032294355107,0.44631825501390743
486.00185295480117,0.453081540038062
486.0833829660512,0.4575903967208318
486.1649129773013,0.46886253842775605
486.2464429885514,0.4778802517932955
486.3279729998015,0.4891523935002199
486.4095030110516,0.49591567852437446
486.4910330223016,0.5094422485726836
486.5725630335517,0.5229688186209928
486.6540930448018,0.5319865319865323
486.7356230560519,0.5477675303762263
486.817153067302,0.5590396720831506
486.89868307855204,0.5725662421314598
486.98021308980213,0.5883472405211537
487.06174310105223,0.6018738105694631
487.1432731123023,0.6154003806177722
487.2248031235524,0.6266725223246964
487.30633313480246,0.6401990923730058
487.38786314605255,0.6559800907626997
487.46939315730265,0.6672522324696241
487.55092316855274,0.6807788025179332
487.63245317980284,0.6920509442248576
487.7139831910529,0.7010686575903969
487.79551320230297,0.7123407992973213
487.87704321355307,0.7191040843214759
487.95857322480316,0.7258673693456305
488.04010323605326,0.732630654369785
488.1216332473033,0.73488508271117
488.2031632585534,0.7393939393939396
488.2846932698035,0.7393939393939396
488.3662232810535,0.7393939393939396
488.4477532923036,0.73488508271117
488.5292833035537,0.732630654369785
488.6108133148038,0.7258673693456305
488.6923433260539,0.7168496559800911
488.77387333730394,0.7100863709559365
488.85540334855403,0.7010686575903969
488.93693335980413,0.685287659200703
489.0184633710542,0.6762699458351634
489.0999933823043,0.6649978041282393
489.18152339355436,0.6492168057385451
489.26305340480445,0.6311813790074662
489.34458341605455,0.6199092373005418
489.42611342730464,0.6063826672522327
489.50764343855474,0.5906016688625387
489.5891734498048,0.5748206704728446
489.67070346105487,0.5590396720831506
489.75223347230497,0.5455131020348415
489.83376348355506,0.5319865319865323
489.91529349480516,0.518459961938223
489.9968235060552,0.5049333918899138
490.0783535173053,0.49366125018298956
490.1598835285554,0.4778802517932955
490.2414135398055,0.46886253842775605
490.3229435510556,0.4553359683794469
490.4044735623056,0.44406382667252253
490.4860035735557,0.43504611330698306
490.5675335848058,0.4260283999414437
490.6490635960559,0.41475625823451934
490.73059360730593,0.40799297321036476
490.81212361855603,0.3989752598448253
490.8936536298061,0.3944664031620556
490.9751836410562,0.3877031181379009
491.05671365230626,0.37868540477236157
491.13824366355635,0.3741765480895918
491.21977367480645,0.3696676914068221
491.30130368605654,0.3651588347240523
491.38283369730664,0.3606499780412826
491.4643637085567,0.35614112135851284
491.54589371980677,0.35163226467574316
491.62742373105687,0.3471234079929735
491.70895374230696,0.3426145513102037
491.79048375355706,0.3426145513102037
491.8720137648071,0.338105694627434
491.9535437760572,0.338105694627434
492.0350737873073,0.3335968379446642
492.1166037985574,0.33134240960327943
492.1981338098075,0.33134240960327943
492.2796638210575,0.32908798126189454
492.3611938323076,0.32683355292050964
492.4427238435577,0.32683355292050964
492.5242538548078,0.32232469623773996
492.60578386605783,0.32232469623773996
492.68731387730793,0.32232469623773996
492.768843888558,0.32007026789635507
492.8503738998081,0.31781583955497017
492.9319039110582,0.31781583955497017
493.01343392230825,0.31781583955497017
493.09496393355835,0.3155614112135854
493.17649394480844,0.3133069828722005
493.25802395605854,0.3133069828722005
493.3395539673086,0.3133069828722005
493.42108397855867,0.3110525545308156
493.50261398980876,0.3087981261894307
493.58414400105886,0.3087981261894307
493.66567401230895,0.3087981261894307
493.747204023559,0.3087981261894307
493.8287340348091,0.3087981261894307
493.9102640460592,0.3065436978480459
493.9917940573093,0.3065436978480459
494.0733240685594,0.304289269506661
494.1548540798094,0.304289269506661
494.2363840910595,0.304289269506661
494.3179141023096,0.304289269506661
494.3994441135597,0.304289269506661
494.4809741248098,0.3020348411652761
494.56250413605983,0.304289269506661
494.6440341473099,0.3020348411652761
494.72556415856,0.3020348411652761
494.8070941698101,0.29978041282389134
494.88862418106015,0.29978041282389134
494.97015419231025,0.29978041282389134
495.05168420356034,0.29978041282389134
495.13321421481044,0.29978041282389134
495.2147442260605,0.29752598448250644
495.29627423731057,0.29752598448250644
495.37780424856066,0.29752598448250644
495.45933425981076,0.29752598448250644
495.54086427106085,0.29527155614112155
495.6223942823109,0.29527155614112155
495.703924293561,0.29527155614112155
495.7854543048111,0.29527155614112155
495.8669843160612,0.29527155614112155
495.9485143273113,0.29527155614112155
496.0300443385613,0.29527155614112155
496.1115743498114,0.29527155614112155
496.1931043610615,0.29527155614112155
496.2746343723116,0.29527155614112155
496.3561643835617,0.29527155614112155
496.43769439481173,0.29527155614112155
496.5192244060618,0.29527155614112155
496.6007544173119,0.29527155614112155
496.682284428562,0.29301712779973677
496.7638144398121,0.29301712779973677
496.84534445106215,0.29301712779973677
496.92687446231224,0.29301712779973677
497.00840447356234,0.29076269945835187
